adresse;artikel;beleg_projekt;art;beleg_status;beleg_datum;beleg_versandart;beleg_belegnr;beleg_kundennummer;beleg_name;beleg_abteilung;beleg_unterabteilung;beleg_adresszusatz;beleg_ansprechpartner;beleg_telefon;beleg_email;beleg_land;beleg_strasse;beleg_plz;beleg_ort;beleg_internebemerkung;beleg_internebezeichnung;beleg_freitext;beleg_lieferbedingung;artikel_nummer;artikel_bezeichnung;artikel_beschreibung;artikel_menge;artikel_lieferdatum;artikel_sort;artikel_einheit;artikel_zolltarifnummer;artikel_herkunftsland;artikel_artikelnummerkunde;artikel_freifeld1;artikel_freifeld2;artikel_freifeld3;artikel_freifeld4;artikel_freifeld5;artikel_freifeld6;artikel_freifeld7;artikel_freifeld8;artikel_freifeld9;artikel_freifeld10;artikel_freifeld11;artikel_freifeld12;artikel_freifeld13;artikel_freifeld14;artikel_freifeld15;artikel_freifeld16;artikel_freifeld17;artikel_freifeld18;artikel_freifeld19;artikel_freifeld20;artikel_freifeld21;artikel_freifeld22;artikel_freifeld23;artikel_freifeld24;artikel_freifeld25;artikel_freifeld26;artikel_freifeld27;artikel_freifeld28;artikel_freifeld29;artikel_freifeld30;artikel_freifeld31;artikel_freifeld32;artikel_freifeld33;artikel_freifeld34;artikel_freifeld35;artikel_freifeld36;artikel_freifeld37;artikel_freifeld38;artikel_freifeld39;artikel_freifeld40;artikel_ean;artikel_preisfuermenge;
"5";"1";"STANDARD";"lieferschein";"versendet";"2019-03-25";"versandunternehmen";"300000";"10002";"Hans Huber";"";"";"";"";"017123456745";"hans@huberhausen.de";"DE";"Musterstrasse 6";"12345";"Musterstadt";"";"";"";"";"700001";"Schraube M10x20";"";"10.0000";"0000-00-00";"1";"";"0";"0";"";"";"";"";"";"";"";"";"";"";"";"";"";"";"";"";"";"";"";"";"";"";"";"";"";"";"";"";"";"";"";"";"";"";"";"";"";"";"";"";"";"";"1";
"5";"14";"STANDARD";"lieferschein";"versendet";"2019-03-25";"versandunternehmen";"300000";"10002";"Hans Huber";"";"";"";"";"017123456745";"hans@huberhausen.de";"DE";"Musterstrasse 6";"12345";"Musterstadt";"";"";"";"";"100001";"Versandkosten";"";"1.0000";"0000-00-00";"2";"";"0";"0";"";"";"";"";"";"";"";"";"";"";"";"";"";"";"";"";"";"";"";"";"";"";"";"";"";"";"";"";"";"";"";"";"";"";"";"";"";"";"";"";"";"";"1";
"3";"12";"STANDARD";"lieferschein";"versendet";"2019-05-16";"versandunternehmen";"300001";"10000";"Max Muster";"";"";"";"";"0821123456789";"info@maxmuellermuster.de";"DE";"Musterstrasse 6";"12345";"Musterdorf";"";"";"";"";"700012";"Handsteuergerät";"Kabelgebundenes Steuergerät mit Ein-/Ausschalter und 2 Tastern (Vorwärts/Rückwärts)";"10.0000";"0000-00-00";"1";"";"0";"0";"";"";"";"";"";"";"";"";"";"";"";"";"";"";"";"";"";"";"";"";"";"";"";"";"";"";"";"";"";"";"";"";"";"";"";"";"";"";"";"";"";"";"1";
"3";"1";"STANDARD";"lieferschein";"versendet";"2019-05-16";"versandunternehmen";"300001";"10000";"Max Muster";"";"";"";"";"0821123456789";"info@maxmuellermuster.de";"DE";"Musterstrasse 6";"12345";"Musterdorf";"";"";"";"";"700001";"Schraube M10x20";"";"40.0000";"0000-00-00";"2";"";"0";"0";"";"";"";"";"";"";"";"";"";"";"";"";"";"";"";"";"";"";"";"";"";"";"";"";"";"";"";"";"";"";"";"";"";"";"";"";"";"";"";"";"";"";"1";
"3";"8";"STANDARD";"lieferschein";"versendet";"2019-05-16";"versandunternehmen";"300001";"10000";"Max Muster";"";"";"";"";"0821123456789";"info@maxmuellermuster.de";"DE";"Musterstrasse 6";"12345";"Musterdorf";"";"";"";"";"700008";"Gehäuse GHK5 20x30x10";"";"10.0000";"0000-00-00";"3";"";"0";"0";"";"";"";"";"";"";"";"";"";"";"";"";"";"";"";"";"";"";"";"";"";"";"";"";"";"";"";"";"";"";"";"";"";"";"";"";"";"";"";"";"";"";"1";
"3";"9";"STANDARD";"lieferschein";"versendet";"2019-05-16";"versandunternehmen";"300001";"10000";"Max Muster";"";"";"";"";"0821123456789";"info@maxmuellermuster.de";"DE";"Musterstrasse 6";"12345";"Musterdorf";"";"";"";"";"700009";"Gehäusedeckel GHK5 20x30 fertig bearbeitet";"";"10.0000";"0000-00-00";"4";"";"0";"0";"";"";"";"";"";"";"";"";"";"";"";"";"";"";"";"";"";"";"";"";"";"";"";"";"";"";"";"";"";"";"";"";"";"";"";"";"";"";"";"";"";"";"1";
"3";"13";"STANDARD";"lieferschein";"versendet";"2019-05-16";"versandunternehmen";"300001";"10000";"Max Muster";"";"";"";"";"0821123456789";"info@maxmuellermuster.de";"DE";"Musterstrasse 6";"12345";"Musterdorf";"";"";"";"";"700013";"Kabel 3 Adern x 0,2qmm 5m konfektioniert";"";"10.0000";"0000-00-00";"5";"";"0";"0";"";"";"";"";"";"";"";"";"";"";"";"";"";"";"";"";"";"";"";"";"";"";"";"";"";"";"";"";"";"";"";"";"";"";"";"";"";"";"";"";"";"";"1";
"3";"10";"STANDARD";"lieferschein";"versendet";"2019-05-16";"versandunternehmen";"300001";"10000";"Max Muster";"";"";"";"";"0821123456789";"info@maxmuellermuster.de";"DE";"Musterstrasse 6";"12345";"Musterdorf";"";"";"";"";"700010";"Taster TS1 24V 5A";"";"20.0000";"0000-00-00";"6";"";"0";"0";"";"";"";"";"";"";"";"";"";"";"";"";"";"";"";"";"";"";"";"";"";"";"";"";"";"";"";"";"";"";"";"";"";"";"";"";"";"";"";"";"";"";"1";
"3";"11";"STANDARD";"lieferschein";"versendet";"2019-05-16";"versandunternehmen";"300001";"10000";"Max Muster";"";"";"";"";"0821123456789";"info@maxmuellermuster.de";"DE";"Musterstrasse 6";"12345";"Musterdorf";"";"";"";"";"700011";"Verschlußklammer VSK 10";"";"20.0000";"0000-00-00";"7";"";"0";"0";"";"";"";"";"";"";"";"";"";"";"";"";"";"";"";"";"";"";"";"";"";"";"";"";"";"";"";"";"";"";"";"";"";"";"";"";"";"";"";"";"";"";"1";
"5";"12";"STANDARD";"lieferschein";"versendet";"2019-05-16";"versandunternehmen";"300002";"10002";"Hans Huber";"";"";"";"";"017123456745";"hans@huberhausen.de";"DE";"Musterstrasse 6";"12345";"Musterstadt";"";"";"";"";"700012";"Handsteuergerät";"Kabelgebundenes Steuergerät mit Ein-/Ausschalter und 2 Tastern (Vorwärts/Rückwärts)";"5.0000";"0000-00-00";"1";"";"0";"0";"";"";"";"";"";"";"";"";"";"";"";"";"";"";"";"";"";"";"";"";"";"";"";"";"";"";"";"";"";"";"";"";"";"";"";"";"";"";"";"";"";"";"1";
"5";"1";"STANDARD";"lieferschein";"versendet";"2019-05-16";"versandunternehmen";"300002";"10002";"Hans Huber";"";"";"";"";"017123456745";"hans@huberhausen.de";"DE";"Musterstrasse 6";"12345";"Musterstadt";"";"";"";"";"700001";"Schraube M10x20";"";"20.0000";"0000-00-00";"2";"";"0";"0";"";"";"";"";"";"";"";"";"";"";"";"";"";"";"";"";"";"";"";"";"";"";"";"";"";"";"";"";"";"";"";"";"";"";"";"";"";"";"";"";"";"";"1";
"5";"8";"STANDARD";"lieferschein";"versendet";"2019-05-16";"versandunternehmen";"300002";"10002";"Hans Huber";"";"";"";"";"017123456745";"hans@huberhausen.de";"DE";"Musterstrasse 6";"12345";"Musterstadt";"";"";"";"";"700008";"Gehäuse GHK5 20x30x10";"";"5.0000";"0000-00-00";"3";"";"0";"0";"";"";"";"";"";"";"";"";"";"";"";"";"";"";"";"";"";"";"";"";"";"";"";"";"";"";"";"";"";"";"";"";"";"";"";"";"";"";"";"";"";"";"1";
"5";"9";"STANDARD";"lieferschein";"versendet";"2019-05-16";"versandunternehmen";"300002";"10002";"Hans Huber";"";"";"";"";"017123456745";"hans@huberhausen.de";"DE";"Musterstrasse 6";"12345";"Musterstadt";"";"";"";"";"700009";"Gehäusedeckel GHK5 20x30 fertig bearbeitet";"";"5.0000";"0000-00-00";"4";"";"0";"0";"";"";"";"";"";"";"";"";"";"";"";"";"";"";"";"";"";"";"";"";"";"";"";"";"";"";"";"";"";"";"";"";"";"";"";"";"";"";"";"";"";"";"1";
"5";"13";"STANDARD";"lieferschein";"versendet";"2019-05-16";"versandunternehmen";"300002";"10002";"Hans Huber";"";"";"";"";"017123456745";"hans@huberhausen.de";"DE";"Musterstrasse 6";"12345";"Musterstadt";"";"";"";"";"700013";"Kabel 3 Adern x 0,2qmm 5m konfektioniert";"";"5.0000";"0000-00-00";"5";"";"0";"0";"";"";"";"";"";"";"";"";"";"";"";"";"";"";"";"";"";"";"";"";"";"";"";"";"";"";"";"";"";"";"";"";"";"";"";"";"";"";"";"";"";"";"1";
"5";"10";"STANDARD";"lieferschein";"versendet";"2019-05-16";"versandunternehmen";"300002";"10002";"Hans Huber";"";"";"";"";"017123456745";"hans@huberhausen.de";"DE";"Musterstrasse 6";"12345";"Musterstadt";"";"";"";"";"700010";"Taster TS1 24V 5A";"";"10.0000";"0000-00-00";"6";"";"0";"0";"";"";"";"";"";"";"";"";"";"";"";"";"";"";"";"";"";"";"";"";"";"";"";"";"";"";"";"";"";"";"";"";"";"";"";"";"";"";"";"";"";"";"1";
"5";"11";"STANDARD";"lieferschein";"versendet";"2019-05-16";"versandunternehmen";"300002";"10002";"Hans Huber";"";"";"";"";"017123456745";"hans@huberhausen.de";"DE";"Musterstrasse 6";"12345";"Musterstadt";"";"";"";"";"700011";"Verschlußklammer VSK 10";"";"10.0000";"0000-00-00";"7";"";"0";"0";"";"";"";"";"";"";"";"";"";"";"";"";"";"";"";"";"";"";"";"";"";"";"";"";"";"";"";"";"";"";"";"";"";"";"";"";"";"";"";"";"";"";"1";
"5";"1";"STANDARD";"lieferschein";"versendet";"2019-05-16";"versandunternehmen";"300003";"10002";"Hans Huber";"";"";"";"";"017123456745";"hans@huberhausen.de";"DE";"Musterstrasse 6";"12345";"Musterstadt";"";"";"";"";"700001";"Schraube M10x20";"";"10.0000";"0000-00-00";"1";"";"0";"0";"";"";"";"";"";"";"";"";"";"";"";"";"";"";"";"";"";"";"";"";"";"";"";"";"";"";"";"";"";"";"";"";"";"";"";"";"";"";"";"";"";"";"1";
