{"bezeichnung":"Allgemeine Sachbearbeitung","beschreibung":"Neben dem Stammdaten-Management auch Angebotserstellung und Auftragserfassung sowie allgemeine Rechte f\u00fcr die Teamfunktionen:\r\n- Zugriff auf Adressen\r\n- Zugriff auf Artikel\r\n- Zugriff auf Angebot\r\n- Zugriff auf Auftr\u00e4ge\r\n- Zugriff auf Bestellungen\r\n- Zugriff auf Kalender","rechte":[{"module":"welcome","action":"login"},{"module":"welcome","action":"logout"},{"module":"welcome","action":"start"},{"module":"welcome","action":"startseite"},{"module":"welcome","action":"settings"},{"module":"adresse","action":"abrechnungzeit"},{"module":"adresse","action":"abrechnungzeitdelete"},{"module":"adresse","action":"accountspopup"},{"module":"adresse","action":"abrechnungzeitabgeschlossen"},{"module":"adresse","action":"accountseditpopup"},{"module":"adresse","action":"addposition"},{"module":"adresse","action":"adressestammdatenpopup"},{"module":"adresse","action":"ansprechpartner"},{"module":"adresse","action":"ansprechpartnereditpopup"},{"module":"adresse","action":"ansprechpartnerlieferadressepopup"},{"module":"adresse","action":"accounts"},{"module":"adresse","action":"adressebestellungmarkieren"},{"module":"adresse","action":"ansprechpartnerpopup"},{"module":"adresse","action":"artikeleditpopup"},{"module":"adresse","action":"autocomplete"},{"module":"adresse","action":"artikel"},{"module":"adresse","action":"adressesrndelete"},{"module":"adresse","action":"belege"},{"module":"adresse","action":"brief"},{"module":"adresse","action":"briefbearbeiten"},{"module":"adresse","action":"brieferstellen"},{"module":"adresse","action":"briefdelete"},{"module":"adresse","action":"briefeditpopup"},{"module":"adresse","action":"briefdrucken"},{"module":"adresse","action":"briefkorrdelete"},{"module":"adresse","action":"briefpdf"},{"module":"adresse","action":"briefkorrpdf"},{"module":"adresse","action":"briefpreview"},{"module":"adresse","action":"createdokument"},{"module":"adresse","action":"create"},{"module":"adresse","action":"dateien"},{"module":"adresse","action":"delartikel"},{"module":"adresse","action":"delkontakt"},{"module":"adresse","action":"edit"},{"module":"adresse","action":"downartikel"},{"module":"adresse","action":"delete"},{"module":"adresse","action":"getid"},{"module":"adresse","action":"downloaddatei"},{"module":"adresse","action":"email"},{"module":"adresse","action":"emaileditpopup"},{"module":"adresse","action":"kontakthistorie"},{"module":"adresse","action":"gruppen"},{"module":"adresse","action":"korreseditpopup"},{"module":"adresse","action":"kontakthistorieeditpopup"},{"module":"adresse","action":"lieferadresse"},{"module":"adresse","action":"kundevorlage"},{"module":"adresse","action":"lieferantartikel"},{"module":"adresse","action":"lieferantvorlage"},{"module":"adresse","action":"list"},{"module":"adresse","action":"lohn"},{"module":"adresse","action":"kundeartikel"},{"module":"adresse","action":"lieferadressepopup"},{"module":"adresse","action":"lieferadresseneditpopup"},{"module":"adresse","action":"minidetail"},{"module":"adresse","action":"minidetailadr"},{"module":"adresse","action":"minidetailbrief"},{"module":"adresse","action":"open"},{"module":"adresse","action":"multilevel"},{"module":"adresse","action":"offenebestellungen"},{"module":"adresse","action":"newkontakt"},{"module":"adresse","action":"pdf"},{"module":"adresse","action":"positioneneditpopup"},{"module":"adresse","action":"rolledatum"},{"module":"adresse","action":"removeemailanhang"},{"module":"adresse","action":"roledel"},{"module":"adresse","action":"rolecreate"},{"module":"adresse","action":"rolledelete"},{"module":"adresse","action":"saverolle"},{"module":"adresse","action":"rollen"},{"module":"adresse","action":"sepamandat"},{"module":"adresse","action":"serienbrief"},{"module":"adresse","action":"service"},{"module":"adresse","action":"stundensatzdelete"},{"module":"adresse","action":"stundensatz"},{"module":"adresse","action":"stundensatzedit"},{"module":"adresse","action":"suche"},{"module":"adresse","action":"suchmaske"},{"module":"adresse","action":"ustpopup"},{"module":"adresse","action":"upartikel"},{"module":"adresse","action":"ustprfedit"},{"module":"adresse","action":"ustprf"},{"module":"adresse","action":"ustprfneu"},{"module":"adresse","action":"verbindlichkeiten"},{"module":"adresse","action":"zeiterfassung"},{"module":"adresse","action":"verein"},{"module":"anfrage","action":"abgerechnet"},{"module":"anfrage","action":"abschicken"},{"module":"anfrage","action":"archivierepdf"},{"module":"anfrage","action":"angebot"},{"module":"anfrage","action":"abschliessen"},{"module":"anfrage","action":"beauftragtfreigabe"},{"module":"anfrage","action":"addposition"},{"module":"anfrage","action":"buchen"},{"module":"anfrage","action":"createfromproject"},{"module":"anfrage","action":"copy"},{"module":"anfrage","action":"dateien"},{"module":"anfrage","action":"create"},{"module":"anfrage","action":"downanfrageposition"},{"module":"anfrage","action":"delanfrageposition"},{"module":"anfrage","action":"edit"},{"module":"anfrage","action":"inlinepdf"},{"module":"anfrage","action":"list"},{"module":"anfrage","action":"delete"},{"module":"anfrage","action":"livetabelle"},{"module":"anfrage","action":"editable"},{"module":"anfrage","action":"freigabe"},{"module":"anfrage","action":"pdf"},{"module":"anfrage","action":"minidetail"},{"module":"anfrage","action":"positionen"},{"module":"anfrage","action":"positioneneditpopup"},{"module":"anfrage","action":"upanfrageposition"},{"module":"anfrage","action":"schreibschutz"},{"module":"anfrage","action":"vorabfreigabe"},{"module":"anfrage","action":"protokoll"},{"module":"angebot","action":"abgelehnt"},{"module":"angebot","action":"abschicken"},{"module":"angebot","action":"copy"},{"module":"angebot","action":"auftrag"},{"module":"angebot","action":"archivierepdf"},{"module":"angebot","action":"addposition"},{"module":"angebot","action":"create"},{"module":"angebot","action":"delangebotposition"},{"module":"angebot","action":"deleterabatte"},{"module":"angebot","action":"dateien"},{"module":"angebot","action":"delete"},{"module":"angebot","action":"downangebotposition"},{"module":"angebot","action":"edit"},{"module":"angebot","action":"editable"},{"module":"angebot","action":"einkaufspreise"},{"module":"angebot","action":"freigabe"},{"module":"angebot","action":"inlinepdf"},{"module":"angebot","action":"formeln"},{"module":"angebot","action":"kopievon"},{"module":"angebot","action":"livetabelle"},{"module":"angebot","action":"pdffromarchive"},{"module":"angebot","action":"minidetail"},{"module":"angebot","action":"list"},{"module":"angebot","action":"positionen"},{"module":"angebot","action":"pdf"},{"module":"angebot","action":"schreibschutz"},{"module":"angebot","action":"positioneneditpopup"},{"module":"angebot","action":"steuer"},{"module":"angebot","action":"summe"},{"module":"angebot","action":"protokoll"},{"module":"angebot","action":"undelete"},{"module":"angebot","action":"upangebotposition"},{"module":"angebot","action":"wiedervorlage"},{"module":"angebot","action":"zertifikate"},{"module":"artikel","action":"ajaxwerte"},{"module":"artikel","action":"auslagern"},{"module":"artikel","action":"ausreservieren"},{"module":"artikel","action":"baumdetail"},{"module":"artikel","action":"baumajax"},{"module":"artikel","action":"baumedit"},{"module":"artikel","action":"belege"},{"module":"artikel","action":"baum"},{"module":"artikel","action":"chargen"},{"module":"artikel","action":"copy"},{"module":"artikel","action":"create"},{"module":"artikel","action":"dateien"},{"module":"artikel","action":"chargedelete"},{"module":"artikel","action":"copysave"},{"module":"artikel","action":"delete"},{"module":"artikel","action":"copyedit"},{"module":"artikel","action":"delrohstoffe"},{"module":"artikel","action":"delstueckliste"},{"module":"artikel","action":"demo"},{"module":"artikel","action":"edit"},{"module":"artikel","action":"downstueckliste"},{"module":"artikel","action":"eigenschaftencopy"},{"module":"artikel","action":"eigenschaften"},{"module":"artikel","action":"editstueckliste"},{"module":"artikel","action":"editrohstoffe"},{"module":"artikel","action":"eigenschaftendelete"},{"module":"artikel","action":"einkauf"},{"module":"artikel","action":"eigenschaftensuche"},{"module":"artikel","action":"eigenschafteneditpopup"},{"module":"artikel","action":"einkaufcopy"},{"module":"artikel","action":"einkaufdelete"},{"module":"artikel","action":"einkaufdisable"},{"module":"artikel","action":"einkaufeditpopup"},{"module":"artikel","action":"einlagern"},{"module":"artikel","action":"etiketten"},{"module":"artikel","action":"fremdnummerndelete"},{"module":"artikel","action":"fremdnummern"},{"module":"artikel","action":"instueckliste"},{"module":"artikel","action":"fremdnummernsave"},{"module":"artikel","action":"lager"},{"module":"artikel","action":"lagerlampe"},{"module":"artikel","action":"lagersync"},{"module":"artikel","action":"matrixprodukt"},{"module":"artikel","action":"fremdnummernedit"},{"module":"artikel","action":"list"},{"module":"artikel","action":"matrixproduktdyn"},{"module":"artikel","action":"mindesthaltbarkeitsdatum"},{"module":"artikel","action":"mhddelete"},{"module":"artikel","action":"minidetail"},{"module":"artikel","action":"multilevel"},{"module":"artikel","action":"verkauf"},{"module":"artikel","action":"stuecklisteimport"},{"module":"artikel","action":"shopexport"},{"module":"artikel","action":"stuecklisteetiketten"},{"module":"artikel","action":"stuecklisteempty"},{"module":"artikel","action":"verkaufcopy"},{"module":"artikel","action":"upstueckliste"},{"module":"artikel","action":"srnlageredit"},{"module":"artikel","action":"reservierung"},{"module":"artikel","action":"srnadresseedit"},{"module":"artikel","action":"thumbnail"},{"module":"artikel","action":"shopimport"},{"module":"artikel","action":"stuecklisteupload"},{"module":"artikel","action":"umlagern"},{"module":"artikel","action":"zertifikate"},{"module":"artikel","action":"srnlagerdelete"},{"module":"artikel","action":"newlist"},{"module":"artikel","action":"seriennummern"},{"module":"artikel","action":"offeneauftraege"},{"module":"artikel","action":"verkaufdelete"},{"module":"artikel","action":"verkaufeditpopup"},{"module":"artikel","action":"rohstoffe"},{"module":"artikel","action":"profisuche"},{"module":"artikel","action":"produktion"},{"module":"artikel","action":"stueckliste"},{"module":"artikel","action":"wareneingang"},{"module":"artikel","action":"verkaufdisable"},{"module":"artikel","action":"shopexportfiles"},{"module":"artikel","action":"onlineshop"},{"module":"artikel","action":"provision"},{"module":"artikel","action":"stuecklisteexport"},{"module":"artikel","action":"offenebestellungen"},{"module":"artikel","action":"projekte"},{"module":"artikel","action":"statistik"},{"module":"artikel","action":"rohstoffeempty"},{"module":"artikel","action":"schnellanlegen"},{"module":"artikel","action":"rabatt"},{"module":"artikel","action":"schliessen"},{"module":"auftrag","action":"abschicken"},{"module":"auftrag","action":"archivierepdf"},{"module":"auftrag","action":"alsfreigegeben"},{"module":"auftrag","action":"ausversand"},{"module":"auftrag","action":"anfrage"},{"module":"auftrag","action":"berechnen"},{"module":"auftrag","action":"checkdisplay"},{"module":"auftrag","action":"abschluss"},{"module":"auftrag","action":"dateien"},{"module":"auftrag","action":"delauftragposition"},{"module":"auftrag","action":"delete"},{"module":"auftrag","action":"copy"},{"module":"auftrag","action":"create"},{"module":"auftrag","action":"deleterabatte"},{"module":"auftrag","action":"addposition"},{"module":"auftrag","action":"downauftragposition"},{"module":"auftrag","action":"ean"},{"module":"auftrag","action":"edit"},{"module":"auftrag","action":"editable"},{"module":"auftrag","action":"einkaufspreise"},{"module":"auftrag","action":"inlinepdf"},{"module":"auftrag","action":"kreditlimit"},{"module":"auftrag","action":"list"},{"module":"auftrag","action":"livetabelle"},{"module":"auftrag","action":"freigabe"},{"module":"auftrag","action":"lieferschein"},{"module":"auftrag","action":"minidetail"},{"module":"auftrag","action":"lieferscheinrechnung"},{"module":"auftrag","action":"nachlieferung"},{"module":"auftrag","action":"paypal"},{"module":"auftrag","action":"positioneneditpopup"},{"module":"auftrag","action":"pdf"},{"module":"auftrag","action":"positionen"},{"module":"auftrag","action":"proforma"},{"module":"auftrag","action":"pdffromarchive"},{"module":"auftrag","action":"produktion"},{"module":"auftrag","action":"reservieren"},{"module":"auftrag","action":"schreibschutz"},{"module":"auftrag","action":"protokoll"},{"module":"auftrag","action":"shopexport"},{"module":"auftrag","action":"steuer"},{"module":"auftrag","action":"teillieferung"},{"module":"auftrag","action":"rechnung"},{"module":"auftrag","action":"summe"},{"module":"auftrag","action":"search"},{"module":"auftrag","action":"tracking"},{"module":"auftrag","action":"undelete"},{"module":"auftrag","action":"upauftragposition"},{"module":"auftrag","action":"uststart"},{"module":"auftrag","action":"verfuegbar"},{"module":"auftrag","action":"versand"},{"module":"auftrag","action":"updateverband"},{"module":"auftrag","action":"zahlungsmail"},{"module":"auftrag","action":"zahlungsmahnungswesen"},{"module":"auftrag","action":"versandzentrum"},{"module":"auftrag","action":"zertifikate"},{"module":"bestellung","action":"abschicken"},{"module":"bestellung","action":"copy"},{"module":"bestellung","action":"addposition"},{"module":"bestellung","action":"archivierepdf"},{"module":"bestellung","action":"auftrag"},{"module":"bestellung","action":"dateien"},{"module":"bestellung","action":"abschliessen"},{"module":"bestellung","action":"delbestellungposition"},{"module":"bestellung","action":"create"},{"module":"bestellung","action":"downbestellungposition"},{"module":"bestellung","action":"delete"},{"module":"bestellung","action":"edit"},{"module":"bestellung","action":"editable"},{"module":"bestellung","action":"inlinepdf"},{"module":"bestellung","action":"einlagern"},{"module":"bestellung","action":"list"},{"module":"bestellung","action":"freigabe"},{"module":"bestellung","action":"livetabelle"},{"module":"bestellung","action":"minidetail"},{"module":"bestellung","action":"offenepositionen"},{"module":"bestellung","action":"pdf"},{"module":"bestellung","action":"positioneneditpopup"},{"module":"bestellung","action":"pdffromarchive"},{"module":"bestellung","action":"schreibschutz"},{"module":"bestellung","action":"positionen"},{"module":"bestellung","action":"protokoll"},{"module":"bestellung","action":"steuer"},{"module":"bestellung","action":"undelete"},{"module":"bestellung","action":"upbestellungposition"},{"module":"kalender","action":"data"},{"module":"kalender","action":"delete"},{"module":"kalender","action":"gruppenedit"},{"module":"kalender","action":"gruppendelete"},{"module":"kalender","action":"gruppenlist"},{"module":"kalender","action":"gruppensave"},{"module":"kalender","action":"eventdata"},{"module":"kalender","action":"ics"},{"module":"kalender","action":"taskstatus"},{"module":"kalender","action":"list"},{"module":"kalender","action":"update"},{"module":"korrespondenz","action":"create"},{"module":"korrespondenz","action":"delete"},{"module":"korrespondenz","action":"pdf"},{"module":"korrespondenz","action":"send"},{"module":"korrespondenz","action":"list"},{"module":"korrespondenz","action":"edit"},{"module":"preisanfrage","action":"abschicken"},{"module":"preisanfrage","action":"abschliessen"},{"module":"preisanfrage","action":"bestellung"},{"module":"preisanfrage","action":"buchen"},{"module":"preisanfrage","action":"addposition"},{"module":"preisanfrage","action":"copy"},{"module":"preisanfrage","action":"archivierepdf"},{"module":"preisanfrage","action":"dateien"},{"module":"preisanfrage","action":"delpreisanfrageposition"},{"module":"preisanfrage","action":"createfromproject"},{"module":"preisanfrage","action":"create"},{"module":"preisanfrage","action":"downpreisanfrageposition"},{"module":"preisanfrage","action":"edit"},{"module":"preisanfrage","action":"delete"},{"module":"preisanfrage","action":"inlinepdf"},{"module":"preisanfrage","action":"freigabe"},{"module":"preisanfrage","action":"livetabelle"},{"module":"preisanfrage","action":"editable"},{"module":"preisanfrage","action":"minidetail"},{"module":"preisanfrage","action":"list"},{"module":"preisanfrage","action":"pdf"},{"module":"preisanfrage","action":"positionen"},{"module":"preisanfrage","action":"positioneneditpopup"},{"module":"preisanfrage","action":"protokoll"},{"module":"preisanfrage","action":"schreibschutz"},{"module":"preisanfrage","action":"uppreisanfrageposition"},{"module":"webmail","action":"aktualisieren"},{"module":"webmail","action":"list"},{"module":"webmail","action":"suchen"},{"module":"webmail","action":"antworten"},{"module":"webmail","action":"schreiben"},{"module":"webmail","action":"view"},{"module":"zolltarifnummer","action":"create"},{"module":"zolltarifnummer","action":"delete"},{"module":"zolltarifnummer","action":"edit"},{"module":"zolltarifnummer","action":"list"}]}