{"bezeichnung":"Lager","beschreibung":"- Sieht Adressen\r\n- Sieht Bestellungen\r\n- Zugriff auf Artikel\r\n- Zugriff auf Inventur\r\n- Zugriff auf Kommissionierl\u00e4ufe\r\n- Zugriff auf Lagerverwaltung\r\n- Zugriff auf mobile Lageroberfl\u00e4che\r\n- Zugriff auf Lieferschein\r\n- Zugriff auf Statistiken\r\n- Zugriff auf Wareneingang","rechte":[{"module":"welcome","action":"login"},{"module":"welcome","action":"logout"},{"module":"welcome","action":"start"},{"module":"welcome","action":"startseite"},{"module":"welcome","action":"settings"},{"module":"appstore","action":"list"},{"module":"auftragassistent","action":"abschicken"},{"module":"auftragassistent","action":"delete"},{"module":"auftragassistent","action":"edit"},{"module":"auftragassistent","action":"freigabe"},{"module":"auftragassistent","action":"create"},{"module":"auftragassistent","action":"lieferadresseneu"},{"module":"auftragassistent","action":"list"},{"module":"auftragassistent","action":"archiv"},{"module":"auftragassistent","action":"listfreigegebene"},{"module":"auftragassistent","action":"versand"},{"module":"auftragassistent","action":"protokoll"},{"module":"auftragassistent","action":"zahlung"},{"module":"auftragassistent","action":"artikel"},{"module":"auftragassistent","action":"kundeuebernehmen"},{"module":"auftragassistent","action":"lieferadresseauswahl"},{"module":"dateien","action":"abschicken"},{"module":"dateien","action":"delete"},{"module":"dateien","action":"create"},{"module":"dateien","action":"edit"},{"module":"dateien","action":"download"},{"module":"dateien","action":"lieferadresseauswahl"},{"module":"dateien","action":"archiv"},{"module":"dateien","action":"lieferadresseneu"},{"module":"dateien","action":"listfreigegebene"},{"module":"dateien","action":"list"},{"module":"dateien","action":"minidetail"},{"module":"dateien","action":"kundeuebernehmen"},{"module":"dateien","action":"freigabe"},{"module":"dateien","action":"zahlung"},{"module":"dateien","action":"protokoll"},{"module":"dateien","action":"artikel"},{"module":"dateien","action":"versand"},{"module":"dateien","action":"send"},{"module":"inventur","action":"abschicken"},{"module":"inventur","action":"addposition"},{"module":"inventur","action":"create"},{"module":"inventur","action":"copy"},{"module":"inventur","action":"buchen"},{"module":"inventur","action":"createfromproject"},{"module":"inventur","action":"automatisch"},{"module":"inventur","action":"downinventurposition"},{"module":"inventur","action":"delete"},{"module":"inventur","action":"editable"},{"module":"inventur","action":"delinventurposition"},{"module":"inventur","action":"freigabe"},{"module":"inventur","action":"livetabelle"},{"module":"inventur","action":"list"},{"module":"inventur","action":"pdf"},{"module":"inventur","action":"bereinigen"},{"module":"inventur","action":"csv"},{"module":"inventur","action":"positioneneditpopup"},{"module":"inventur","action":"edit"},{"module":"inventur","action":"minidetail"},{"module":"inventur","action":"upinventurposition"},{"module":"inventur","action":"protokoll"},{"module":"inventur","action":"positionen"},{"module":"inventur","action":"schreibschutz"},{"module":"kommissionierlauf","action":"edit"},{"module":"kommissionierlauf","action":"list"},{"module":"kommissionierlauf","action":"minidetail"},{"module":"kommissionierlauf","action":"versandzentrum"},{"module":"kommissionierlauf","action":"label"},{"module":"lager","action":"artikelentfernen"},{"module":"lager","action":"artikelfuerlieferungen"},{"module":"lager","action":"bewegung"},{"module":"lager","action":"bewegungpopup"},{"module":"lager","action":"auslagernproduktion"},{"module":"lager","action":"bestand"},{"module":"lager","action":"buchenauslagern"},{"module":"lager","action":"buchen"},{"module":"lager","action":"bucheneinlagern"},{"module":"lager","action":"artikelentfernenreserviert"},{"module":"lager","action":"ausgehend"},{"module":"lager","action":"delete"},{"module":"lager","action":"differenzen"},{"module":"lager","action":"deleteplatz"},{"module":"lager","action":"buchenzwischenlager"},{"module":"lager","action":"differenzenlagerplatzedit"},{"module":"lager","action":"differenzenlagerplatz"},{"module":"lager","action":"create"},{"module":"lager","action":"buchenzwischenlagerdelete"},{"module":"lager","action":"differenzenlagerplatzsave"},{"module":"lager","action":"inhalt"},{"module":"lager","action":"letztebewegungen"},{"module":"lager","action":"etikettenlist"},{"module":"lager","action":"list"},{"module":"lager","action":"nachschublager"},{"module":"lager","action":"edit"},{"module":"lager","action":"platz"},{"module":"lager","action":"regaletiketten"},{"module":"lager","action":"etiketten"},{"module":"lager","action":"schnellauslagern"},{"module":"lager","action":"schnelleinlagern"},{"module":"lager","action":"lagerpdfsammelentnahme"},{"module":"lager","action":"schnellumlagern"},{"module":"lager","action":"platzeditpopup"},{"module":"lagerinventur","action":"bestand"},{"module":"lager","action":"zwischenlager"},{"module":"lagerinventur","action":"changeinv"},{"module":"lager","action":"produktionslager"},{"module":"lagerinventur","action":"inventur"},{"module":"lagermobil","action":"artikelentfernen"},{"module":"lager","action":"wert"},{"module":"lagermobil","action":"artikelfuerlieferungen"},{"module":"lager","action":"reservierungen"},{"module":"lagermobil","action":"auslagern"},{"module":"lagermobil","action":"artikelentfernenreserviert"},{"module":"lagermobil","action":"auslagernproduktion"},{"module":"lagerinventur","action":"inventurladen"},{"module":"lagermobil","action":"ausgehend"},{"module":"lagermobil","action":"bucheneinlagern"},{"module":"lagermobil","action":"bewegung"},{"module":"lagermobil","action":"buchen"},{"module":"lagermobil","action":"bewegungpopup"},{"module":"lagermobil","action":"buchenzwischenlagerdelete"},{"module":"lagermobil","action":"create"},{"module":"lagermobil","action":"buchenzwischenlager"},{"module":"lagermobil","action":"differenzen"},{"module":"lagermobil","action":"differenzenlagerplatzedit"},{"module":"lagermobil","action":"differenzenlagerplatzsave"},{"module":"lagermobil","action":"differenzenlagerplatz"},{"module":"lagermobil","action":"buchenauslagern"},{"module":"lagermobil","action":"einlagern"},{"module":"lagermobil","action":"deleteplatz"},{"module":"lagermobil","action":"inhalt"},{"module":"lagermobil","action":"delete"},{"module":"lagermobil","action":"letztebewegungen"},{"module":"lagermobil","action":"list"},{"module":"lagermobil","action":"lagerpdfsammelentnahme"},{"module":"lagermobil","action":"platz"},{"module":"lagermobil","action":"edit"},{"module":"lagermobil","action":"etiketten"},{"module":"lagermobil","action":"regaletiketten"},{"module":"lagermobil","action":"platzeditpopup"},{"module":"lagermobil","action":"reservierungen"},{"module":"lagermobil","action":"schnell_auslagern"},{"module":"lagermobil","action":"schnell_einlagern"},{"module":"lagermobil","action":"produktionslager"},{"module":"lagermobil","action":"schnelleinlagern"},{"module":"lagermobil","action":"zwischenlager"},{"module":"laufzettel","action":"download"},{"module":"lieferschein","action":"abschicken"},{"module":"lagermobil","action":"wert"},{"module":"lagermobil","action":"nachschublager"},{"module":"lagermobil","action":"lpumlagern"},{"module":"lieferschein","action":"auslagern"},{"module":"lieferschein","action":"archivierepdf"},{"module":"lieferschein","action":"addposition"},{"module":"lieferschein","action":"create"},{"module":"lieferschein","action":"dellieferscheinposition"},{"module":"lieferschein","action":"downlieferscheinposition"},{"module":"lieferschein","action":"delete"},{"module":"lieferschein","action":"editable"},{"module":"lieferschein","action":"abschliessen"},{"module":"lieferschein","action":"edit"},{"module":"lagermobil","action":"umlagern"},{"module":"lieferschein","action":"copy"},{"module":"lieferschein","action":"livetabelle"},{"module":"lieferschein","action":"list"},{"module":"lieferschein","action":"eingabeseriennummern"},{"module":"lieferschein","action":"pdf"},{"module":"lieferschein","action":"pdffromarchive"},{"module":"lieferschein","action":"inlinepdf"},{"module":"lieferschein","action":"positionen"},{"module":"lieferschein","action":"freigabe"},{"module":"lieferschein","action":"positioneneditpopup"},{"module":"lieferschein","action":"protokoll"},{"module":"lieferschein","action":"schreibschutz"},{"module":"lieferschein","action":"uplieferscheinposition"},{"module":"lieferschein","action":"rechnung"},{"module":"lieferschein","action":"positionenetiketten"},{"module":"lieferschein","action":"paketmarke"},{"module":"lieferschein","action":"minidetail"},{"module":"paketmarke","action":"create"},{"module":"paketmarke","action":"tracking"},{"module":"protokoll","action":"list"},{"module":"prozess_auftrag_einlagern","action":"list"},{"module":"prozess_monitor","action":"minidetail"},{"module":"prozess_monitor","action":"list"},{"module":"prozessstarter","action":"list"},{"module":"protokoll","action":"minidetail"},{"module":"wareneingang","action":"create"},{"module":"wareneingang","action":"distribution"},{"module":"wareneingang","action":"help"},{"module":"wareneingang","action":"distrietiketten"},{"module":"wareneingang","action":"distriabschluss"},{"module":"wareneingang","action":"manuellerfassen"},{"module":"wareneingang","action":"list"},{"module":"wareneingang","action":"paketabsender"},{"module":"wareneingang","action":"distriinhalt"},{"module":"wareneingang","action":"paketetikett"},{"module":"wareneingang","action":"paketzustand"},{"module":"wareneingang","action":"removevorgang"},{"module":"wareneingang","action":"stornieren"},{"module":"wareneingang","action":"paketannahme"},{"module":"wareneingang","action":"vorgang"},{"module":"wareneingang","action":"minidetail"},{"module":"wareneingang","action":"main"},{"module":"wareneingang","action":"paketabschliessen"},{"module":"webmail","action":"list"},{"module":"artikel","action":"shopexportfiles"},{"module":"artikel","action":"shopexport"},{"module":"artikel","action":"list"},{"module":"adresse","action":"list"},{"module":"adresse","action":"kontakthistorie"},{"module":"prozess_monitor","action":"create"},{"module":"prozess_monitor","action":"edit"},{"module":"prozess_monitor","action":"delete"},{"module":"prozessstarter","action":"create"},{"module":"prozessstarter","action":"delete"},{"module":"prozessstarter","action":"edit"},{"module":"artikel","action":"edit"},{"module":"artikel","action":"lager"},{"module":"artikel","action":"lagerlampe"},{"module":"artikel","action":"ajaxwerte"},{"module":"artikel","action":"baumdetail"},{"module":"artikel","action":"baumajax"},{"module":"artikel","action":"baum"},{"module":"artikel","action":"baumedit"},{"module":"artikel","action":"ausreservieren"},{"module":"artikel","action":"chargedelete"},{"module":"artikel","action":"copy"},{"module":"artikel","action":"copyedit"},{"module":"artikel","action":"copysave"},{"module":"artikel","action":"delete"},{"module":"artikel","action":"dateien"},{"module":"artikel","action":"chargen"},{"module":"artikel","action":"auslagern"},{"module":"artikel","action":"delstueckliste"},{"module":"artikel","action":"demo"},{"module":"artikel","action":"editstueckliste"},{"module":"artikel","action":"editrohstoffe"},{"module":"artikel","action":"delrohstoffe"},{"module":"artikel","action":"downstueckliste"},{"module":"artikel","action":"eigenschaftendelete"},{"module":"artikel","action":"einkauf"},{"module":"artikel","action":"eigenschaftensuche"},{"module":"artikel","action":"eigenschaften"},{"module":"artikel","action":"einkaufcopy"},{"module":"artikel","action":"eigenschafteneditpopup"},{"module":"artikel","action":"einkaufdisable"},{"module":"artikel","action":"etiketten"},{"module":"artikel","action":"eigenschaftencopy"},{"module":"artikel","action":"einkaufdelete"},{"module":"artikel","action":"fremdnummerndelete"},{"module":"artikel","action":"einkaufeditpopup"},{"module":"artikel","action":"fremdnummernsave"},{"module":"artikel","action":"fremdnummernedit"},{"module":"artikel","action":"einlagern"},{"module":"artikel","action":"instueckliste"},{"module":"artikel","action":"lagersync"},{"module":"artikel","action":"fremdnummern"},{"module":"artikel","action":"matrixproduktdyn"},{"module":"artikel","action":"mindesthaltbarkeitsdatum"},{"module":"artikel","action":"mhddelete"},{"module":"artikel","action":"minidetail"},{"module":"artikel","action":"offenebestellungen"},{"module":"artikel","action":"multilevel"},{"module":"artikel","action":"newlist"},{"module":"artikel","action":"onlineshop"},{"module":"artikel","action":"projekte"},{"module":"artikel","action":"produktion"},{"module":"artikel","action":"provision"},{"module":"artikel","action":"offeneauftraege"},{"module":"artikel","action":"reservierung"},{"module":"artikel","action":"rohstoffe"},{"module":"artikel","action":"rabatt"},{"module":"artikel","action":"rohstoffeempty"},{"module":"artikel","action":"seriennummern"},{"module":"artikel","action":"profisuche"},{"module":"artikel","action":"schliessen"},{"module":"artikel","action":"shopimport"},{"module":"artikel","action":"matrixprodukt"},{"module":"artikel","action":"srnadresseedit"},{"module":"artikel","action":"srnlageredit"},{"module":"artikel","action":"stuecklisteempty"},{"module":"artikel","action":"stueckliste"},{"module":"artikel","action":"srnlagerdelete"},{"module":"artikel","action":"statistik"},{"module":"artikel","action":"stuecklisteexport"},{"module":"artikel","action":"stuecklisteupload"},{"module":"artikel","action":"schnellanlegen"},{"module":"artikel","action":"upstueckliste"},{"module":"artikel","action":"verkauf"},{"module":"artikel","action":"umlagern"},{"module":"artikel","action":"verkaufcopy"},{"module":"artikel","action":"verkaufdisable"},{"module":"artikel","action":"stuecklisteetiketten"},{"module":"artikel","action":"thumbnail"},{"module":"artikel","action":"verkaufeditpopup"},{"module":"artikel","action":"verkaufdelete"},{"module":"artikel","action":"stuecklisteimport"},{"module":"artikel","action":"wareneingang"},{"module":"artikel","action":"zertifikate"},{"module":"statistiken","action":"dashboard"},{"module":"statistiken","action":"artikel"},{"module":"statistiken","action":"list"},{"module":"statistiken","action":"topartikel"},{"module":"statistiken","action":"einstellungen"},{"module":"adresse","action":"open"},{"module":"bestellung","action":"pdf"},{"module":"bestellung","action":"list"},{"module":"bestellung","action":"minidetail"},{"module":"bestellung","action":"einlagern"},{"module":"bestellung_einlagern","action":"list"},{"module":"auftrag","action":"versand"},{"module":"auftrag","action":"summe"},{"module":"auftrag","action":"tracking"},{"module":"auftrag","action":"upauftragposition"},{"module":"auftrag","action":"undelete"},{"module":"auftrag","action":"verfuegbar"},{"module":"auftrag","action":"versandzentrum"},{"module":"auftrag","action":"uststart"},{"module":"auftrag","action":"teillieferung"},{"module":"auftrag","action":"zertifikate"},{"module":"auftrag","action":"updateverband"},{"module":"auftrag","action":"zahlungsmail"},{"module":"auftrag","action":"nachlieferung"},{"module":"auftrag","action":"zahlungsmahnungswesen"}]}