{"bezeichnung":"Versand","beschreibung":"- Sieht Auftragsliste\r\n- Sieht die Druckerliste\r\n- Zugriff auf Kommissionierl\u00e4ufe\r\n- Zugriff auf Lieferscheine\r\n- Zugriff auf Versandzentrum","rechte":[{"module":"welcome","action":"login"},{"module":"welcome","action":"logout"},{"module":"welcome","action":"start"},{"module":"welcome","action":"startseite"},{"module":"welcome","action":"settings"},{"module":"versanderzeugen","action":"artikel"},{"module":"versanderzeugen","action":"frankieren"},{"module":"versanderzeugen","action":"gelesen"},{"module":"versanderzeugen","action":"korrektur"},{"module":"versanderzeugen","action":"delete"},{"module":"versanderzeugen","action":"list"},{"module":"versanderzeugen","action":"freigabe"},{"module":"versanderzeugen","action":"einzel"},{"module":"versanderzeugen","action":"main"},{"module":"versanderzeugen","action":"artikeloffen"},{"module":"versanderzeugen","action":"wechsel"},{"module":"versanderzeugen","action":"schnelleingabe"},{"module":"lieferschein","action":"addposition"},{"module":"lieferschein","action":"copy"},{"module":"lieferschein","action":"abschicken"},{"module":"lieferschein","action":"auslagern"},{"module":"lieferschein","action":"dellieferscheinposition"},{"module":"lieferschein","action":"archivierepdf"},{"module":"lieferschein","action":"create"},{"module":"lieferschein","action":"downlieferscheinposition"},{"module":"lieferschein","action":"abschliessen"},{"module":"lieferschein","action":"delete"},{"module":"lieferschein","action":"eingabeseriennummern"},{"module":"lieferschein","action":"freigabe"},{"module":"lieferschein","action":"list"},{"module":"lieferschein","action":"minidetail"},{"module":"lieferschein","action":"inlinepdf"},{"module":"lieferschein","action":"paketmarke"},{"module":"lieferschein","action":"pdffromarchive"},{"module":"lieferschein","action":"positionen"},{"module":"lieferschein","action":"livetabelle"},{"module":"lieferschein","action":"editable"},{"module":"lieferschein","action":"edit"},{"module":"lieferschein","action":"rechnung"},{"module":"lieferschein","action":"schreibschutz"},{"module":"lieferschein","action":"uplieferscheinposition"},{"module":"lieferschein","action":"positionenetiketten"},{"module":"lieferschein","action":"protokoll"},{"module":"lieferschein","action":"pdf"},{"module":"lieferschein","action":"positioneneditpopup"},{"module":"laufzettel","action":"download"},{"module":"lieferbedingungen","action":"list"},{"module":"kommissionierlauf","action":"edit"},{"module":"kommissionierlauf","action":"minidetail"},{"module":"kommissionierlauf","action":"versandzentrum"},{"module":"kommissionierlauf","action":"label"},{"module":"kommissionierlauf","action":"list"},{"module":"drucker","action":"list"},{"module":"auftrag","action":"list"},{"module":"versanderzeugen","action":"offene"},{"module":"auftrag","action":"minidetail"},{"module":"prozess_monitor","action":"delete"},{"module":"prozess_monitor","action":"list"},{"module":"prozess_monitor","action":"minidetail"},{"module":"prozess_monitor","action":"edit"},{"module":"prozess_monitor","action":"create"},{"module":"drucker","action":"spooler"},{"module":"drucker","action":"spoolerdownload"},{"module":"drucker","action":"spoolerdownloadall"}]}