Kundennummer;Name;Typ(herr, frau, firma);email;Telefon;Telefax;Mobil;Straße;PLZ;Ort;Abteilung;Anschreiben
10006;Max Muster GmbH;firma;muster@email.de;0123123;0123123123;0123123123;Nebenstr. 15;86123;Augsburg;Geschäftsführer;Sehr geehrter Herr Muster
ANSPRECHPARTNER:10006;Alex Adler;herr;alexadler@email.de;012345677;07123123213;017612312231;Hauptstr. 10;86133;Augsburg;Marketing;Sehr geehrter Herr Adler
ANSPRECHPARTNER:10006;Berthold Bracht;herr;bertholdbracht@email.de;012345677;07123123213;017612312231;Hauptstr. 13;86133;Augsburg;Marketing;Sehr geehrter Herr Bracht
10007;Schrauben GmbH;firma;schraube@email.de;0912312321;012301231;0123000123;Seitenstr. 16;81231;Augsburg;Geschäftsführer;Sehr geehrter Herr Schraubenmeier
ANSPRECHPARTNER:10007;Doris Dagobert;frau;dorisdagobert@email.de;012345677;07123123213;017612312231;Hauptstr. 10;86133;Augsburg;Marketing;Sehr geehrte Frau Dagobert
ANSPRECHPARTNER:10007;Emil Entlin;herr;emilentlin@email.de;012345677;07123123213;017612312231;Hauptstr. 13;86133;Augsburg;Marketing;Sehr geehrter Herr Entlin
