nummer;name_de;artikelbeschreibung_de;kurztext_de;internerkommentar;hersteller;ean;gewicht;lieferantennummer;lieferantbestellnummer;lieferanteinkaufnetto;lieferanteinkaufmenge;verkaufspreis1netto;verkaufspreis1menge;lagerartikel;lager_platz;lager_menge_total;mindestlager;
200001;Rennrad Cross X;Rennrad Cross X von Rennprofis empfohlen;Rennrad Cross X für Profis.;Unser Bestseller;Rennräder XS GmbH;1234567;3,5;70001;CX-101010;1300;1;1900;1;1;HL001A;3;2; 
200002;Rahmen Rennrad Cross X;Rahmen für das Rennrad Cross X zum selber montieren ;Rahmen Cross X in grün;Verkauft sich gut.;Rennräder XS GmbH;1232122;2;70001;CX-101005;500;1;700;1;1;HL001A;5;3;
200003;Reifen Rennrad Cross X;Reifen für das Rennrad Cross X zum selber montieren;Reifen Cross X 28 Zoll;;Rennräder XS GmbH;12312221;0,3;70001;CX-101213;10;1;30;1;1;HL001A;20;10;
200004;Sattel Rennrad Cross X;Sattel für das Rennrad Cross X zum selber montieren;Sattel Cross X in schwarz;;Rennräder XS GmbH;12312312;0,2;70001;CX-101211;15;1;25;1;1;HL001A;10;3;
200005;Megaset Telefon XY;Kabelloses Haustelefon Megaset XY;Haustelefon, das keine Wünsche offen lässt;Sehr gutes Preisleistungsverhältnis;China IT GmbH;1232222;0,3;70000;MH-123;80;1;150;1;1;HL001A;50;10;
200006;Basisstation Telefon XY;Basisstation für das Megaset Telefon XY;Die Basisstation, falls Sie mehrere brauchen;;China IT GmbH;13123111;0,2;70000;MH-12123;30;1;50;1;1;HL001A;20;10;
200007;Telefonhörer Telefon XY;Der Telefonhörer für das Megaset Telefon XY;Möglich mehrer Telefonhörer zu verwenden;Immer genügend auf Lager haben;China IT GmbH;2082913;0,09;70000;MH-12122;20;1;80;1;1;HL001A;59;40;
200008;Batterien AA 2er Set;Langhaltende Batterien AA im 2er Set;Die besten Batterien;;Battery & More GmbH;12323123;0,01;70000;MH-12133;10;1;15;1;1;HL001A;80;50;
200009;T-Shirt Logo Adler;Cooles T-Shirt mit Adler Logo;T-Shirt mit tollem Druck;;T-Shirt Printing GmbH;12319823;0,1;70001;123123123;;;;;0;;;;
200010;T-Shirt Logo Adler – Rot;Cooles T-Shirt mit Adler Logo in Rot ;Rotes T-Shirt mit Adler;;T-Shirt Printing GmbH;12312321;0,1;70001;1231222;5;1;20;1;1;HL001B;50;30;
200011;T-Shirt Logo Adler – Grün;Cooles T-Shirt mit Adler Logo in Grün ;Grünes T-Shirt mit Adler;;T-Shirt Printing GmbH;12312321;0,1;70001;1231222;5;1;20;1;1;HL001B;50;30;
200012;Sweatshirt Rockstar Logo;Stylishes Sweatshirt mit Rockstar Logo;Sweatshirt mit tollem Druck;;T-Shirt Printing GmbH;12312222;0,1;70001;1231232223;;;;;;;;;
200013;Sweatshirt Rockstar Logo – Blau;Stylishes Sweatshirt mit Rockstar Logo in Blau;Blaues Sweatshirt mit Rockstar Logo;;T-Shirt Printing GmbH;12312222;0,1;70001;1231232223;7;1;25;1;1;HL001B;100;20;
200014;Sweatshirt Rockstar Logo – Grün;Stylishes Sweatshirt mit Rockstar Logo in Grün;Grünes Sweatshirt mit Rockstar Logo;;T-Shirt Printing GmbH;12312222;0,1;70001;1231232223;7;1;25;1;1;HL001B;70;20;
